enhancer_name,gene_name,chr,start,end,coordinates_5_from_ucsc,DNA sequence,DNA sequence secondary,Positional information,primer_forward,primer_reverse,Source for coordinates,additional sources - not for coordinates,expression_in_tissue,paper source,Notes
brk_ns,brk,chrX,7214185,7215408,chrX:7214185-7215408,NA,NA,NA,NA,NA,Ozdemir et al 2011 Genome Res,NA,2,new_Stathopoulos,
how,how,chr3R,17870013,17871012,chr3R:17870013-17871012,NA,NA,NA,NA,NA,Ozdemir et al 2011 Genome Res,NA,2,new_Stathopoulos,
sog,sog,chrX,15541000,15541901,chrX:1554000-15541901,NA,NA,NA,NA,NA,Ozdemir et al 2011 Genome Res,NA,2,new_Stathopoulos,
VT19842,bl,chr2R,16486928,16489009,chr2R:16486928-16489009,NA,NA,NA,NA,NA,"Kvon et al 2012, Genes Dev",NA,2,Stark,
VT24021,Ptp61F,chr3L,1454694,1456812,chr3L:1454694-1456812,NA,NA,NA,NA,NA,"Kvon et al 2012, Genes Dev",NA,2,Stark,
VT41687,Neu3,chr3R,10505242,10507354,chr3R:10505242-10507354,NA,NA,NA,NA,NA,"Kvon et al 2012, Genes Dev",NA,2,Stark,
VT42351,CR44133,chr3R,11814891,11816988,chr3R:11814891-11816988,NA,NA,NA,NA,NA,"Kvon et al 2012, Genes Dev",NA,2,Stark,
VT44122,CR43258,chr3R,15166068,15168266,chr3R:15166068-15168266,NA,NA,NA,NA,NA,"Kvon et al 2012, Genes Dev",NA,2,Stark,
brk_cs,brk,chrX,7190967,7191464,"chrX:7,190,967-7191464",CTCTGGCACAAACCCTAAATGTGGATTACGCTAATATTGCCCCCCCTAATAAAAACGGTCGTTGTCCAGGGCCGAATATTGCGTCTGATTGGTTTTTCCCACGATTACAATTAGCCGGACGGACACAAACTGACCTGAGCTGACCCGCAAAAAGACACGGTTGTCCGGCAGTCGGAACTGAAGGAAACTAAAGGAAACTGAGGGCAGGTCAGCGCTATGGATTGTGCACTAAGTTGCTTAATCCGACGGGAAATCCAAAACACAACCCGAGCCCGATCCTTCGCTCCTTCGATTTAAGCCAAAGTTAGAGGCACAGGCACACATGTGTGTTTGGTTTGAACGGGAAAGCCCCATTTTAAAGCTGGCCAACCAACGGCAACACATGTTCATGTTAGGACCGATACAGGTTGACATTCCCTGGAAGGATGCACCTCTGGGAGATTCCCACAACCGGCAGCAGGTCATGTCCAACCGATCGTTGCGGGAGCCACTTGTCCC,NA,NA,NA,NA,Markstein et al 2004 Development,NA,2,classic statho,
brk_z,brk,chrX,7191056,7191544,"chrX:7,191,056-7191544","TGGTTTTTCCCACGATTACAATTAGCCGGACGGACACAAACTGACCTGAGCTGACCCGCAAAAAGACACGGTTGTCCGGCAGTCGGAACTGAAGGAAACTAAAGGAAACTGAGGGCAGGTCAGCGCTATGGATTGTGCACTAAGTTGCTTAATCCGACGGGAAATCCAAAACACAACCCGAGCCCGATCCTTCGCTCCTTCGATTTAAGCCAAAGTTAGAGGCACAGGCACACATGTGTGTTTGGTTTGAACGGGAAAGCCCCATTTTAAAGCTGGCCAACCAACGGCAACACATGTTCATGTTAGGACCGATACAGGTTGACATTCCCTGGAAGGATGCACCTCTGGGAGATTCCCACAACCGGCAGCAGGTCATGTCCAACCGATCGTTGCGGGAGCCACTTGTCCCGAAAAAATCCAAAGAAACTATCAAGTGGCGTTTAGGGAAACTCAAAACTTTCCAACCACACCATATCTTTCTAACGCCAC, jbz:secondary: CGGCTATGATAAACGACTAAGGTTTTTTATTTTTTTTTTTTTTTTTTGGGATGACATCCGAAAGTGCCACTACAATTGCCACACGTCAATAAAAATGTATAAAATATTACATTATTATGTTAACGTTTAAACAAACAAACTTGTAATAAGGTTTTACCTATTCTGGTTGTAGTTGATGTCGAATTTTCTATCTTCCACGATTAAATAAGATATATTTACTATCTAAAACCTTAAAATGGAAAGAAAATTGGTATTAAAACTGAAAATCAATCTAAAAATCAACCATTGATAACATTTTATTGAATCAAACCAAAAGCCAAATTGATTCCTGAATCCAAAAGACCCGATGAAGGATCGAACAGGTACTACGATGATATTGGTCGGAAAATACCTGCGCATCCTGGTGGTTTATGGTGCGGCCGTAAATGCAAGCCAAGTTCTTTACGGCTTCTCTGGCACAAACCCTAAATGTGGATTACGCTAATATTGCCCCCCCTAATAAAAACGGTCGTTGTCCAGGGCCGAATATTGCGTCTGATTGGTTTTTCCCACGATTACAATTAGCCGGACGGACACAAACTGACCTGAGCTGACCCGCAAAAAGACACGGTTGTCCGGCAGTCGGAACTGAAGGAAACTAAAGGAAACTGAGGGCAGGTCAGCGCTATGGATTGTGCACTAAGTTGCTTAATCCGACGGGAAATCCAAAACACAACCCGAGCCCGATCCTTCGCTCCTTCGATTTAAGCCAAAGTTAGAGGCACAGGCACACATGTGTGTTTGGTTTGAACGGGAAAGCCCCATTTTAAAGCTGGCCAACCAACGGCAACACATGTTCATGTTAGGACCGATACAGGTTGACATTCCCTGGAAGGAGCACCTCTGGGAGATTCCCACAACCGGCAGCAGGTCATGTCCAACCGATCGTTGCGGGAGCCACTTGTCCCGAAAAAATCCAAAGAAACTATCAAGTGGCGTTTAGGGAAACTAAAACTTTCCAACCACACCATATCTTTCTAACGCCACACAATAAACTGGTATGATCACTGTTAAGATCAAAATGGGCTAAATAAAGCGATCATGAATCATTTACTATAAACTGAAGAGTTTTCTATTCTTTAATATAAAAGAAAAGATGAGTAACACCCTACAAAAATTTTAGGACTACAGATCTACCCACCGATGATGATCAACCCTTCCCAAAAAAAAGTCACAGCTTGTATTTCGTAAAGATTTCAGATTTCTTAAGACACGATCACCAACTGATCTATGGACTTCTTAAACCATTGGGCTTTCGTTGCACAACTTTAGGGATTTGTTTTTTTTTTTTTTTTTTTGATTCCACATCCGATTTCTTCTTCGAAGCACTTCGATCTTTTCTCACATCAGTTTGATCGACAATCGACGATCGATGGCTGTGTGAAAACAAGTTTCGTAACTATGTAAATTAACCTCCATACAGCCAAGCCAGATCACGCGTTGCCAGTTACTTTTCTGAGTGATCACGAAAGTGCAGGCCGATGAAAAGG",,NA,NA,NA,Markstein et al 2004 Development,"Jazwinska et al., 1999  Development",2,zeitlinger,don't know where jbzs DNA sequence came from
brk-shadow,brk,chrX,7214537,7215702,chrX:7214537-7215702,NA,NA,NA,NA,NA,Hong et al 2008 Science,NA,2,He,
crb,crb,chr3R,20123093,20123803,chr3R:20123093-20123803,NA,NA,NA,NA,NA,Sandmann et al 2007 Genes Dev,NA,2,classic statho,
ind,ind,chr3L,15032420,15033835,chr3L:15032420-15033835,>chr3L:15032420+15033835 1416bp  GCTTCAAAGCTCCGGGAAACGttttgttataatccaaacttaataatctgaaaaagttaaatgtggaaagtgctgaaagctttgtaggaaaagcgttcaaagctttaagggaattttcctggtttggaatttggatttagaattccatcaggacagaaattgaaaaatatttaaattaaacacttgagaccacaaccgttgcaccacagggaatttaaggacttatatgccctggcgacagaacgtctggacaagaatccagagttgaacacctgacaaatttcttcttctactttcaggtaggcgggaaattttcaacggaatttcatttgttctagccagaagcgttggcctaatgatcttttaacaggcccaaagaacctgagggaatttcccagccttgatgcacaggcagtgcagcgcattcattcatgaggccaattcaaaaagaaagattccactttaaactgaagaggttctgcacttcaggatgtattcattcatgaagtgtcttccacgcgggagatcgaaacagcgaggaatcttgaaatcagcgggacactcgaaagttggcaagacatctggctaaaggtacttccaacagtggatcctacggagaagaggtgtatgcaaatttgtttacggaaacaatttttggaaacagtcacagcattgaaataatttttaggggttaacactaccgtgttaataccgtgttaataaagttttaagttaagacaatattggctaaatgaaataaaataactgcaaatatatatatatatagatactttcctacacaatgaaaacagtactattagaattgtagaatccactaatactaatagaatctacatactttgttaatactgcctttttatacttttctttaattgaaacaccgaaacattgtttcttattgacagtgccgccaatcgagtatttccttgcctaatcttacaaccaattaacttagttcccatgtctccaaaatgctgtctcagcatttactcgaatagtagcgaatgctatctgtgattttgaaaaaatcactttaaatcaacctagcgataaagatcgaagagcccacgcaacacattttggcacaacagatttcgctacgctccttgaatgaatttgcggaaaaatagctgatcctgaatggagtcaccgagtcctacctgctgacccagcacttgaaactcaagagccgagctcttcagctcaagtggaagaggcgcacacttgagcaaggaactccggtagataacgatcgggatgagatcaggtaaatcggagtgcaacattttccagaatagcaaggagaatggaataccgaaattccgtttaaaaccgccgactgggctattttgcccattggcattccgatttcCATTTTCGGACCGAAGGCCCAGA,"from jbz, don't know from where TTGAAAGGAGTCCCCCAATAAAGCTTCAAAAGCTTCAAAGCTCCGGGAAACGTTTTGTTATAATCCAAACTTAATAATCTGAAAAAGTTAAATGTGGAAAGTGCTGAAAGCTTTGTAGGAAAAGCGTTCAAAGCTTTAAGGGAATTTTCCTGGTTTGGAATTTGGATTTAGAATTCCATCAGGACAGAAATTGAAAAATATTTAAATTAAACACTTGAGACCACAACCGTTGCACCACAGGGAATTTAAGGACTTATATGCCCTGGCGACAGAACGTCTGGACAAGAATCCAGAGTTGAACACCTGACAAATTTCTTCTTCTACTTTCAGGTAGGCGGGAAATTTTCAACGGAATTTCATTTGTTCTAGCCAGAAGCGTTGGCCTAATGATCTTTTAACAGGCCCAAAGAACCTGAGGGAATTTCCCAGCCTTGATGCACAGGCAGTGCAGCGCATTCATTCATGAGGCCAATTCAAAAAGAAAGATTCCACTTTAAACTGAAGAGGTTCTGCACTTCAGGATGTATTCATTCATGAAGTGTCTTCCACGCGGGAGATCGAAACAGCGAGGAATCTTGAAATCAGCGGGACACTCGAAAGTTGGCAA",NA,NA,NA,"Stathopoulos et al. 2005 Dev Biol; Weiss et al.,1998 (don't have coordinates)",,2,classic statho,
rho,rho,chr3L,1461823,1462121,"chr3L:1,461,823-1462121",AAATGGGAAAACATGCGGTGGGAAAAACACACATCGCGAAACATTTGGCGCAACTTGCGGAAGACAAGTGCGGCTGCAACAAAAAGTCGCGAAACGAAACTCTGGGAAGCGGAAAAAGGACACCTTGCTGTGCGGCGGGAAGCGCAAGTGGCGGGCGGAATTTCCTGATTCGCGATGCCATGAGGCACTCGCATATGTTGAGCACATGTTTTGGGGGAAATTCCCGGGCGACGGGCCAGGAATCAACGTCCTGTCCTGCGTGGGAAAAGCCCACGTCCTACCCACGCCCACTCGGTTAC,NA,NA,NA,NA,Markstein et al 2004 Development,NA,2,classic statho,
rho_z,rho,chr3L,1461592,1463882,chr3L:1461592-1463882,>dm3_dna_range=chr3L:1461592-1463882 ATATTCTATTTCGCAAGCTTTTCCTCTGCTCAAAATCAAAATGATTAAAACAACAGTTTGATACGAATTTTAATTCCCCTTTTTGCTGCGGAGTCAGTTAAGTGAGTCGCTTTCAGGACTCAGGGCATCATCCAGATCGCACGATCCCATTTGCATCTGCCTTCTCAGAAGCTGCTTGAAAGACGCGCCCCTGTCGGATGATTAGTGCTAAGATCCTTGGGCAGGATGGAAAAATGGGAAAACATGCGGTGGGAAAAACACACATCGCGAAACATTTGGCGCAACTTGCGGAAGACAAGTGCGGCTGCAACAAAAAGTCGCGAAACGAAACTCTGGGAAGCGGAAAAAGGACACCTTGCTGTGCGGCGGGAAGCGCAAGTGGCGGGCGGAATTTCCTGATTCGCGATGCCATGAGGCACTCGCATATGTTGAGCACATGTTTTGGGGGAAATTCCCGGGCGACGGGCCAGGAATCAACGTCCTGTCCTGCGTGGGAAAAGCCCACGTCCTACCCACGCCCACTCGGTTACCTGAATTCGAGCTCGAGTGTTTTGGGTGGCTGAGATTGCTTTGGTACGGTGGCTGACCTTGCCAGTGCCAGTGGGTCCATGTCCGTGGAGTGCTGGCAATGCGTGTCTGGCACAATGAAAACGCAGCAATGGAGGATGGAGGAACTCGACCTGAGGGAACGTGGGAAAAAAGGATTTACGATGAAGATGAGCTGAGAAACTCCGAGCTGATGACGTGCCTGGTCATGGGCATGTAGTGCAGCAACTGTGTTTTCGTATCTGCTTACCTGTTGCACGCACATGTTAAAAAGTCATCATAAATCTCAGTGGACGAGGACGAGGACTCTGAATCTGTTTCGCCTCTCTTTTGCGCCCAGTGAAAATATTTTCACTTTTCATGCGGGAGTTTTCATGCCGCCGATGAGGATGACTGGCCAGGATGGGTATATCTATCTATTAGATCTGTGTAAATTCCCAGCTTATCATGCAAAACACGTAACCACGTCGTCTCGATCCTTTCGGCCAGGAAGCCGAAAGCTACTCCTTTTGTGCAACATGCCGTGGTGACCTTTCCCGCGAACTCGTGACTGCAACGGCTCAGGCTGCCTAATAATTTGTATAAATATTTATTTTTGCTACCGATTTCTATCTGCTCGCTCAACGCCTCCGAGGGAGCTCTCGCTGGAAAAGGTGTGAAATTCGAAACCCCTGACAATGATGATCTTCTACGGGGAATCGGGGAATCAAGGGGAATCAGGACGGGGCTCGGTTTCGAATTCGATTCCATGACATGTTCTGCATTGCTGAGCCGATATACTTTATTTGCATTTTTGGCCACTTGCAGTGGCACGTTCCCTTAAAAACAACAGAATTATAGAAGCAATGTTTTAGCTATTGAACGGTTACGTATCAATAGAGGAATTTTAAAACTATTTCTAAGCAAGCAAATAGTTTTGCTAGTTTTTTTAGTTTAGAAACTAATTTACATTACCATTGTGAGCAATTGTGACATTGAAGTTATTTCTGGAAACTATTCGAAAGTGCGGAGCTAAAGAAAAAGCGACTGCTACTACCGATTTCATCATCTTTAATTGTGTTAACAATTTGTTTGACTTTCTTGTCTTTGTTTAAAGGCATCGACGGGAAACTCAGCAAAACAATGGACTTGGTACCTTTACAAATACAACTAAAATGAGCTTAAACCTCTTCTAGTACGTTAATATATATTACTAGTAATAATATAAAATGAGATAAAAGTCGGTTTTGCTGAAAGGCAATTAAACGCAAAGGCCTTGCTAGAATTTCGCAACATTGCAGAGATTAGAGCTCAGATCTGCGTAGTAGGCCATGACAAAGCGCAGATCGCTGGAGATCGGCGAGAAGACAGAAGACAGAAGACGACGCATTTGTTAGTCAGTGGCATTGGCAAGAAGTGCTGGCCCGTCTGGATGAGTCATTCACCGTTATGTGGCAAGGCGGCAGATGGGGGAAACCAGTGAATAACCAGCGACGAAAAACCTTCGAACCGCTCGCCTCGAGCTGCAGCAGTCGAGTGACTGCAGTGCGCACACCCCACCCACCCACACAAGACAAGATCCGGATGTGCCATGCAACACTTATACGGCCGAACCAAAACACAACATGTTCGAAGTGGCTCTCTTATACTGCACCGCACAGCGAGCACTTATAAAGGCCGGCTGCCTTGCCTTTCGAAAGTCAGTTGCGTGCGAGCCGCGAGCGCGAGATCATCAAACTGAGAAAGTCGGACTGCGACTCGAAACT,different from jbz: CCCATTTGCATCTGCCTTCTCAGAAGCTGCTTGAAAGACGCGCCCCTGTCGGATGATTAGTGCTAAGATCCTTGGGCAGGATGGAAAAATGGGAAAACATGCGGTGGGAAAAACACACATCGCGAAACATTTGGCGCAACTTGCGGAAGACAAGTGCGGCTGCAACAAAAAGTCGCGAAACGAAACTCTGGGAAGCGGAAAAAGGACACCTTGCTGTGCGGCGGGAAGCGCAAGTGGCGGGCGGAATTTCCTGATTCGCGATGCCATGAGGCACTCGCATATGTTGAGCACATGTTTTGGGGGAAATTCCCGGGCGACGGGCCAGGAATCAACGTCCTGTCCTGCGTGGGAAAAGCCCACGTCCTACCCACGCCCACTCGGTTACCTGAATTCGAGCTCGAGTGTTTTGGGTGGCTGA ,-2.2 kb to + 90 bp relative to the putative rho transcription start site (Bier et al. 1990),NA,NA,Ip et al. 1992 Genes Dev,NA,2,zeitlinger,"rho coordinates uscs: chr3L:1,463,792-1468483"
sim,sim,chr3R,8895836,8896466,chr3R:8895836-8896466,>dm3_dna range=chr3R:8895836-8896466 CCCCGGCATATGTTACGCACATTTACAGCGTATGGCGATTTTCCGCTTTCCACGGCCACGGCCACAGCTTCCCACCTGATAGGACAGCTCGGCAATGTGTGGGAATCGCAGTGAGGTGCCGGTAGGAGTGGCAGGTAAGCCTGGCCGCCTCGCAAGTTTCTCACACTTCCAGGACATGTGCTGCTTTTTTGGCCGTTTTTCCCCGACTGGTTATCAATTGGCCGATTGGAAATTCCCCGATGGCGATGCGCTAGCGTGAGAACATGAGCTGCGAGCATCGGGTTTTTAGCATATCCATACCTGTGGCTCGTCCTGATGGGAAGCGAGAAGCAGCAGGATCGGATGTAGGATGCAGGATATAGGGTATAGGCGCTGTTGCGCCTCACCCGCAACACCCACATTAGCATCGGACCAGCGTCCAGTGTCCTGTTAATTGCTTTATGGACTCTCCACTTTCCGCTGCGTGGGAATCTTTGCTCATCCTACCTGTTTCCATGCCACACCAACCCATTCCCACAGCATTGTCCTCCTTATGTGAAACTCTCTAGTTCAAGTTCAGTGTGAATATTTGTGTTGACTTTATTTTTAAACTTTTGGCCATTTGTTTTCAGTTTGCTGTTTGCCTGTAACC,same from jbz: CCCCGGCATATGTTACGCACATTTACAGCGTATGGCGATTTTCCGCTTTCCACGGCCACGGCCACAGCTTCCCACCTGATAGGACAGCTCGGCAATGTGTGGGAATCGCAGTGAGGTGCCGGTAGGAGTGGCAGGTAAGCCTGGCCGCCTCGCAAGTTTCTCACACTTCCAGGACATGTGCTGCTTTTTTGGCCGTTTTTCCCCGACTGGTTATCAATTGGCCGATTGGAAATTCCCCGATGGCGATGCGCTAGCGTGAGAACATGAGCTGCGAGAATCGGGTTTTTAGCATATCCATACCTGTGGCTCGTCCTGATGGGAAGCGAGAAGCAGCAGGATCGGATGTAGGATGCAGGATATAGGGTATAGGCGCTGTTGCGCCTCACCCGCAACACCCACATTAGCATCGGACCAGCGTCCAGTGTCCTGTTAATTGCTTTATGGACTCTCCACTTTCCGCTGCGTGGGAATCTTTGCTCATCCTACCTGTTTCCATGCCACACCATCCCATTCCCACAGCATCGTCCTCCTTATGTGAAACTCTCTAGTTCAAGTTCAGTGTGAATATTTGTGTTGACTTTATTTTTAAACTTTTGGCCATTTGTTTTCAGTTTGCTGTTTGCCTGTAACC,NA,NA,NA,Markstein et al 2004 Development,Kasai et al. 1992 PNAS; Kasai et al. 1998 PNAS,2,classic statho,
sog,sog,chrX,15518731,15519122,"chrX:15,518,731-15519122",>dm3_dna range=chrX:15518731-15519122 GCTTTATGGTCCATGGTCCATACCACCCAATGGTCTATATACATGGGCAGGCATCCATTTGGGTATACCCGTATCTTTTTGGTAAGCGGCTTACGGACGCCGATGCGTCTGCGCAGCGCAGTGCAGGCAGCGAGCGGAAGGGAATTCCCGCTTTCCGGATTAAAACTGGACACAATAATAATAAAAAAAAAAAAAGAAAACGGAGTGCTATGCTGTGCCGTCGGGAATATCCCATGTCCCGAAAACCCTGGCGGGATTAGAGGTGCGAGCAGGTCCCGCCTCGGCACCGGCTGGAATTCTACCTGCGATTACGGGGATTTCCCCGCACCATACAGCCATATAGCCATATAGCCATATAGACGACACGGCGTATGCGCAATGGCATTGGCAAC,same from jbz: GTTGCCAATGCCATTGCGCATACGCCGTGTCGTCTATATGGCTATATGGCTATATGGCTGTATGGTGCGGGGAAATCCCCGTAATCGCAGGTAGAATTCCAGCCGGTGCCGAGGCGGGACCTGCTCGCACCTCTAATCCCGCCAGGGTTTTCGGGACATGGGATATTCCCGACGGCACAGCATAGCACTCCGTTTTCTTTTTTTTTTTTTATTATTATTGTGTCCAGTTTTAATCCGGAAAGCGGGAATTCCCTTCCGCTCGCTGCCTGCACTGCGCTGCGCAGACGCATCGGCGTCCGTAAGCCGCTTACCAAAAAGATACGGGTATACCCAAATGGATGCCTGCCCATGTATATAGACCATTGGGTGGTATGGACCATGGACCATAAAGC ,NA,NA,NA,Markstein et al 2004 Development,Francois et al. 1994 Genes Dev,2,classic statho,
sog-shadow,sog,chrX,15540627,15541510,chrX:15540627-15541510,NA,NA,NA,NA,NA,Hong et al 2008 Science,NA,2,He,
ths,ths,chr2R,7681778,7682120,"chr2R:7,681,778-7682120",GGACAGGACAATGGAGGTTCAGAAGAAGCGAGCAAATGCTGGAAAATGCAGTGACAACAGGTGCAAAATTATTTTTTGTTTGTTGCGAGTGCGCGTGAAAATTTCCAGCTGGCCAGGGACAGGAATATGACCACTTAAGGCCTAATGTGCGAAAAGTTCCTTTGTCAATTTACACGCCCTCTCCTCACCAAGCGACCGTGAAAACTTCATTCATTTGCATGGCTAAGCTCAGGTAGCCGGGGATTATCCCTCGTTCTAACCAAAACCTCCTGCTACATTCGGGTTTATCCCACTTGTTTGGCTGGGAATTTCCCCCGCAGATTTACGGTGGTCAGCCAAATCC,NA,NA,NA,NA,Markstein et al 2004 Development,NA,2,classic statho,other name: CG12443
ths_Stathopoulos_2002,ths,chr2R,7681727,7682234,"chr2R:7,681,727-7682234",>chr2R:7681727+7682234 508bp GGACCAGCACGAGCTACGCAGCCTCACacagcaggataatagggaaagaaaggacaggacaatggaggttcagaagaagcgagcaaatgctggaaaatgcagtgacaacaggtgcaaaattattttttgtttgttgcgagtgcgcgtgaaaatttccagctggccagggacaggaatatgaccacttaaggcctaatgtgcgaaaagttcctttgtcaatttacacgccctctcctcaccaagcgaccgtgaaaacttcattcatttgcatggctaagctcaggtagccggggattatccctcgttctaaccaaaacctcctgctacattcgggtttatcccacttgtttggctgggaatttcccccgcagatttacggtggtcagccaaatcccggttagctggaaaaatatcgcagaaataagggaaggtacggctgctaatgaatcctgacatctcaatcaattttgggggaatcgaaaCGCAAGGGAGGTGGAACTTTCACCAC,same from jbz: GGACCAGCACGAGCTACGCAGCCTCACACAGCAGGATAATAGGGAAAGAAAGGACAGGACAATGGAGGTTCAGAAGAAGCGAGCAAATGCTGGAAAATGCAGTGACAACAGGTGCAAAATTATTTTTTGTTTGTTGCGAGTGCGCGTGAAAATTTCCAGCTGGCCAGGGACAGGAATATGACCACTTAAGGCCTAATGTGCGAAAAGTTCCTTTGTCAATTTACACGCCCTCTCCTCACCAAGCGACCGTGAAAACTTCATTCATTTGCATGGCTAAGCTCAGGTAGCCGGGGATTATCCCTCGTTCTAACCAAAACCTCCTGCTACATTCGGGTTTATCCCACTTGTTTGGCTGGGAATTTCCCCCGCAGATTTACGGTGGTCAGCCAAATCCCGGTTAGCTGGAAAAATATCGCAGAAATAAGGGAAGGTACGGCTGCTAATGAATCCTGACATCTCAATCAATTTTGGGGGAATCGAAACGCAAGGGAGGTGGAACTTTCACCAC ,510 bp (508 bp)genomic region approximately 15.2 kb upstream  of the Neu4 gene start codon,ggaccagcacgagctacgcagcctcac,gtggtgaaagttccacctcccttgcg,Stathopoulos et al 2002 Cell,NA,2,classic statho,other name: Neu4
vn_cs1,vn,chr3L,5828771,5829267,"chr3L:5,828,771-5829267",TTATTGAAAGTGCCGAAGTTAGCGGGCATTTCACTTACCTGCGTGGGAAAATCGACTAATCTGCGACCGCCCCGAGGAGTCAGTTTTTGTTTTTAGAGCGGTAAAGGACAGGTAACGGGCCACATGTCTGGCCGGAAATTCCCCGTTGACCCCTGACCCCGTGTCCTTATGACGAATTCGTCACTTGGCGTGAGCACACCTGGATTTCCCACCGCTTAGCCAGCGGAAATTCCAAAACACCTCCGGCCCACTGGCCCTCAAAATTGTTATATGCTCTGCTACGATGAAGCAGAAGCAGAAGCAGCAGTGTTTTATTGGCGGAAGCATCCGCCAAATTGCACCCAATCTGCAGTTTGAAGTGCTCAAAACCCCCACCGCTCCCCTGTGAATTTCCGCCGGCCGGCAAGGTGACCGTGTGCTAAAACAAAATTTTTATATCGAAATTGCCGCCGGTCAACGCGCGCGCCTGCCCAATGGCCACTTTAACCACGTTTCAG,same from jbz:CTGAAACGTGGTTAAAGTGGCCATTGGGCAGGCGCGCGCGTTGACCGGCGGCAATTTCGATATAAAAATTTTGTTTTAGCACACGGTCACCTTGCCGGCCGGCGGAAATTCACAGGGGAGCGGTGGGGGTTTTGAGCACTTCAAACTGCGGATTGGGTGCAATTTGGCGGATGCTTCCGCCAATAAAACACTGCTGCTTCTGCTTCTGCTTATTCGTAGCAGAGCATATAACAATTTTGAGGGCCAGTGGGCCGGAGGTGTTTTGGAATTTCCGCTGGCTAAGCGGTGGGAAATCCAGGTGTGCTCACGCCAAGTGACGAATTCGTCATAAGGACACGGGGTCAGGGGTCAACGGGGAATTTCCGGCCAGACATGTGGCCCGTTACCTGTCCTTTACCGCTCTAAAAACAAAAACTGACTCCTCGGGGCGGTCGCAGATTAGTCGATTTTCCCACGCAGGTAAGTGAAATGCCCGCTAACTTCGGCACTTTCAATAA,NA,NA,NA,Markstein et al 2004 Development,NA,2,classic statho,
vn_cs2,vn,chr3L,5809977,5810572,chr3L:5809977-5810572,NA,NA,NA,NA,NA,Sandmann et al 2007 Genes Dev,NA,2,classic statho,
vnd-348,vnd,chrX,486740,487087,"chrX:486,740-487087",GACCCTGGCTTAGAAATTCCCGTAGGTGAGAGCCAGGGAAACCCCAATCGGGAATGACATGTGTACGACAGACATGGGACTCAGATGCCTTCGAGATACTGGCGTCACACTGTCTGGCAATGGGATTTCCGCTCAGGAGGACGGGGAATGCCCGTGTAGCCTGTCCATAGCGTGGGAAATTCGCGAGTCGGGGTCTTCGGGAAAACTCGAAATGGGAAAACCGGAAGCAAGCAAACTTGCGCCAACATGTGGCACGACCTGTTTCGACCCGTAAAGAGTCCCTGCTGACCTGTGCTGACCTGCACTGACCCGACCAGGTAGCTGCGATCCTTACGAGGCGGATTTGCG,NA,NA,NA,NA,Markstein et al 2004 Development,McDonald et al. 1998 Genes Dev,2,classic statho,
vnd-743,vnd,chrX,486761,487503,"chrX:486,761-487503",GTAGGTGAGAGCCAGGGAAACCCCAATCGGGAATGACATGTGTACGACAGACATGGGACTCAGATGCCTTCGAGATACTGGCGTCACACTGTCTGGCAATGGGATTTCCGCTCAGGAGGACGGGGAATGCCCGTGTAGCCTGTCCATAGCGTGGGAAATTCGCGAGTCGGGGTCTTCGGGAAAACTCGAAATGGGAAAACCGGAAGCAAGCAAACTTGCGCCAACATGTGGCACGACCTGTTTCGACCCGTAAAGAGTCCCTGCTGACCTGTGCTGACCTGCACTGACCCGACCAGGTAGCTGCGATCCTTACGAGGCGGATTTGCGTTTAATTGTTGATGGTATTAGGCAAATCAAAACTCGGGGTCTGACCGGGACTAGGTGTCAATAATCCAGCGATTTGGGTGCACTTATTCAAAGTTAATTCCGGGGGAAATGTGCGCGTTTTCGGTTCCGAAGCATGCCTGCAGGATGCACACCCCCCACCTCCTTATCTTCTTAACAACGGCAAGTGCAAAAATCTGTGAAAGTCAGAGCGCTACAGGTAGTGCAGGTAGTTTCCTTTGCATATCCCGACCAACAGGGACCTCCTTTTGTTAAACCTTCCGGCCATTCACACGATTGACACAGGATGTCGCTGCAATAAGCATGAAACAGGGAAAAATCGTTCCACGTCCTCTAAGGAGCCATCTTTATACTCGGGGAGTCATTAATCACTCGATTATATGACAATTTGCCGGGAC,same form jbz:GTAGGTGAGAGCCAGGGAAACCCCAATCGGGAATGACATGTGTACGACAGACATGGGACTCAGATGCCTTCGAGATACTGGCGTCACACTGTCTGGCAATGGGATTTCCGCTCAGGAGGACGGGGAATGCCCGTGTAGCCTGTCCATAGCGTGGGAAATTCGCGAGTCGGGGTCTTCGGGAAAACTCGAAATGGGAAAACCGGAAGCAAGCAAACTTGCGCCAACATGTGGCACGACCTGTTTCGACCCGTAAAGAGTCCCTGCTGACCTGTGCTGACCTGCACTGACCCGACCAGGTAGCTGCGATCCTTACGAGGCGGATTTGCGTTTAATTGTTGATGGTATTAGGCAAATCAAAACTCGGGGTCTGACCGGGACTAGGTGTCAATAATCCAGCGATTTGGGTGCACTTATTCAAAGTTAATTCCGGGGGAAATGTGCGCGTTTTCGGTTCCGAAGCATGCCTGCAGGATGCACACCCCCCACCTCCTTATCTTCTTAACAACGGCAAGTGCAAAAATCTGTGAAAGTCAGAGCGCTACAGGTAGTGCAGGTAGTTTCCTTTGCATATCCCGACCAACAGGGACCTCCTTTTGTTAAACCTTCCGGCCATTCACACGATTGACACAGGATGTCGCTGCAATAAGCATGAAACAGGGAAAAATCGTTCCACGTCCTCTAAGGAGCCATCTTTATACTCGGGGAGTCATTAATCACTCGATTATATGACAATTTGCCGGGAC ,NA,NA,NA,Markstein et al 2004 Development,McDonald et al. 1998 Genes Dev,2,classic statho,
vnd-Stathopoulos,vnd,chrX,485983,487687,"chrX:485,983-487687",>chrX:485983+487687 1705bp GGGTAAGCACAAGGATTCCAATGgaataattaaaacattgatacctctggagtggtgaacacaaacctatgattcatatgtcttggttacgaaaagcatattttggtgatacgttgacacaagtccattctagttcttctaattatgacctctgttttgtgggctatttataaacgcttaagcattggtaacactttgatggcatggatctggccaagatatggataataaggacatgcctcagattgaaacaaaattactgaccaccgacaatacgtttgcctttcatggctgaccactttgtaaaaaacagatatggttttcaaggttttgggttcccgattaattttctatgtctttctattaattctcctaatctaataatttggaagattgggcgttgaaagcagaatctgcagaatacgcaagaccattaattaattctcctaatctaataatttggaagattgggcgttgaaagcagaatctgcagaatacgcaagaccagccatactttgcaattgccttcgcctaagctccgacttaaaatcacaccctgcgagcctctgcctccatattagtgtttagatcccatatagctgatggacttgtccggctaatcctggtagctctttaaattaaccaagcgggcacagcgcgcaagtacaggacacagggtataattccccgcctctttgatctggcaagtactcaaggtcctggcgaatggcggttgggaaattctggcttgttgttcgaccctggcttagaaattcccgtaggtgagagccagggaaaccccaatcgggaatgacatgtgtacgacagacatgggactcagatgccttcgagatactggcgtcacactgtctggcaatgggatttccgctcaggaggacggggaatgcccgtgtagcctgtccatagcgtgggaaattcgcgagtcggggtcttcgggaaaactcgaaatgggaaaaccggaagcaagcaaacttgcgccaacatgtggcacgacctgtttcgacccgtaaagagtccctgctgacctgtgctgacctgcactgacccgaccaggtagctgcgatccttacgaggcggatttgcgtttaattgttgatggtattaggcaaatcaaaactcggggtctgaccgggactaggtgtcaataatccagcgatttgggtgcacttattcaaagttaattccgggggaaatgtgcgcgttttcggttccgaagcatgcctgcaggatgcacaccccccacctccttatcttcttaacaacggcaagtgcaaaaatctgtgaaagtcagagcgctacaggtagtgcaggtagtttcctttgcatatcccgaccaacagggacctccttttgttaaaccttccggccattcacacgattgacacaggatgtcgctgcaataagcatgaaacagggaaaaatcgttccacgtcctctaaggagccatctttatactcggggagtcattaatcactcgattatatgacaatttgccgggacaattaagaaactacacagaatctcaagaaaaactattacaactcatctttggtatgctttttgcctttttttctttaaaactgtaggcgagtgctcaattgaaatgagaaataaacatttaactcaaatttttagtgttgaagttcagttagaattaacatattgATCTCCTTGCAGCTTaTtc,NA,~1.7 kb (1705 bp) genomic DNA fragment located 560 bp downstream of the vnd start codon,gggtaagcacaaggattccaatg,cgaaaagctgcaaggagat,Stathopoulos et al 2002 Cell,McDonald et al. 1998 Genes Dev,2,classic statho,
vnd_mc_conf,vnd,chrX,479413,481119,chrX:479413-481119,>chrX:479413+481119 1707bp CATGTCCTCGTTCAGGAAACTGTTACccgccaaataagaggaaaattcattttttttttttcgcttaaacggcgctgtcaaaaaaaagggccacttgccaggaaaatggaatgggtcatgccatgcataaagtgggagttgggaaaataataaaagaggagcaaaccaagagcatgcatataggcgaaaaacaacggctagaaattgatacatttcatacaatttacttgcagttgcatttcagtccgccaggacgcgtgactttgtgacatttaatgccagtttgtcagctggctttctcgacggcatcgcatgcgctatatgggctaggcggatgcgaaaataacacaatgaaatttgcacccgcgacaggcattttgaattcaagtctccgtttgataggcctttaacgaagcatgtgatggactgaagtgctaccgacaagtgggcaggaaggaagcgggggcacttcgtcttcgtactctcacaccggaaaaatacaatcagccaatttaaaatggtacgcataaagcaaggattattccattgaatcgaatggacaaccaaccatgtggctcatttgaagatcgaaaccgaaaggcgatcagagcccgagcccacgcattccaaattgaatgcagttatgaatgcgatcctacatctaccaccacaatggccaaggtgatgtttgaaaaaattaaattacggaccaatacaaaggcaaacaaagcgatgcactggtcatttcgcacgctgagccattcatacaaaataccatttatccatttaggctagcgggaatcgccttggcatttggaataaattgcgaatgaatcggccgagccggcgacaggactgttttcctggttttcctgaccgacctggggcgcccagctgtgaaggaagtaggaagtgtgcaaaggaagttggctgcactaaactcagttgaccaactgacccgacaactcgtagactcctaaacccctaaactcccaaaatctggcacactgacacagtgggaagtgcagcacaaaaaacgacttggaaagaccaggacaggcagtcggaaaacccatttgtcaagtttcggggcgctcttctcaccgagatcctacagctgcacaagagatacatatactcgtacgagcacaaatgcgaacgcagatacaatggcgggacacatccttgcccatcatcctattcgattagccaatgatccggtgaatgatccaaccttttgaagccaacgtacgggttgcccttggaactttttattagccacaaaaggaagctgcaaatgaattgtatttccttgcagcatgcagaatctatttttgtcgcaagcaataaaatggcttttaattatcagataaaactttaaacgtaaaattctgatcaagtagaccagctgaatgattatgtctatccttaagctgacttaagcccctgatggattgactaaaattgacttcggattgactcgaggatggaaatcttctactctcggtcgtttgggatcacaagccaccccaaaggccgaagaaatatgtaagcgacaagccgactgatcagcccgaagaaacccaaacagataaccagctgtatttgctcagataccaaccagtacattcgcatcttaaaggtcctttttgacttttatacagcacgggcaacgccttcttGTTAGGACCCATCCCCTTACATAAC,NA,NA,CATGTCCTCGTTCAGGAAACTGTTAC,GTTATGTAAGGGGATGGGTCCTAAC,Zeitlinger et al 2007 Genes Dev,McDonald et al. 1998; Stathopoulos et al. 2002; Markstein et al. 2004 ,2,zeitlinger,confirmed enhancer
vnd_vNE _conf,vnd,chrX,477514,479251,chrX:477514-479251,>chrX:477514+479251 1738bp CGGACTTGAATGGTCGGTCACatgagattgcaagtatagggcactgtgattatattttggtaaagcaacattagatctgtagtaatgaagccaagttatcttcagggaacggattaagttattgataaaagatagaccttcaagacgagtgaaatcaattggtaatattaaaactgtgcaaccgaacagaaacctattactattattaccgaatgctcttggcctttttccattgatcgttcggagcattgcagttacttgcatccgtacattatacatatactcgtacgcacctgcatgcaagtgtcacaatatttcctagaaatcgatgaggcaattaaaaacaatttaatttaaaatgagctaagaaaacacacaacacacaagccgggctaagaaaacaccggtcggaaacagaacgggacaggagcaggatcagggcacgtcgcattaacatttaatataacataatgaatttgaattggccaccaccgagccggatcgaaacgaggtccgttctcggctcagtccctgattttcgcacaatcgtaagccaatgttacagcgttgtgaatggcctgacgatgggacacatagtcatccaccggcggaccgactgactggttggtaagcccaggcagaaaggtgctggcatacgtatcgtttatggtaacacccagcacagagcaccacatcccagtccagccaagccaaaaaccaaaacccgagtgcaacaatgcgcattatattcactttgtcaccttttccgacggcggggtttttgaaaaaccaaaacacatgtttagtgaaatcacctggaaaatcacacaaacaggagagaacgaggcgacaggcaaaatttgggtttaattgggtttgtccataatcgttgcatcgaaccctcggataatccgggataatgctgtttgccaaataaaaccaattccatttatttgtgctttatgtcatgtgtgagccggatcgctacccgcgttcattgatgaaccgcaggatctccgttgagtatgtatgtacaactcatatacccaatacccagcgcttagtcccgctttcaatctcggaattccctgcgactgccgtcgtagcttcgaacggcaggttgggttttcctttcgttacggaccccctttgcagaaagggcgcaacttgaaggacaactgaaagcggacgcgctactcttgtctccctgaaatatgaagttcgaaaaaataatttcattttaacgcagagtccccaaagcaagtcattcaagtttgacgtacttcaaaagaaccaaaaaatacaataaaaaacagcgccgcagaaaaaactacgaaaagagcatggcaataaaaggttgtcagcttcaaatgcctgggaatgtgtgcacatgtccgcgacgatggtgacgaccgatgagccaggaagtaaacaaagcccaaacccacaagaaaaaattcagagcaatcgcgggcacatatccgaccttcgaatcacctgtcttcgccgctttcgattggcattattataagctaaccggtcggaagtcgctataaatctcttatggagaaataatgtgtaatatatgtatatgaaattacctgaaagttttctgtatcctcaagaattttctcaaatgcaatcaagcggcgaactccgcttttgaacaacttgtggatacatttcttccaattttttttttattcctgtttcccGAACATCAACGACGAGCATAGGC,NA,NA,CGGACTTGAATGGTCGGTCAC,GCCTATGCTCGTCGTTGATGTTC,Zeitlinger et al 2007 Genes Dev,McDonald et al. 1998; Stathopoulos et al. 2002; Markstein et al. 2004 ,2,zeitlinger,confirmed enhancer